Anonymous ID,Actual ID,Round 
0,A21H6PJDHFR74C,1
1,A2MKUZ0K3S7NQU,1
2,A3Q13VTPRIVFZS,1
3,A3UTFL5JHRQCM1,1
4,AVI7K876BV3QL,1
5,A1DKVUTOBPQH11,1
6,A12723JDRPT207,1
7,ADCXF6QY5T046,1
8,A3PQUGIQQBPR98,1
0,A5EU1AQJNC7F2,2
1,A3T1GP1D5ECT8A,2
2,A2DPKKEEW2I6QK,2
3,ALZVG5501Y5IX,2
4,A2GN5L03ZQEOZF,2
5,A3OB6REG5CGHK1,2
6,A1USR9JCAMDGM3,2
7,A1RDRK3QTM7U96,2
8,A32TGAK321JDFF,2
0,A2TVJTQ4VXATE6,3
1,AZZA3J049G7R5,3
2,A1X1IRFYQZ40LD,3
3,A21SIPO89DP66I,3
4,A2YO837C0O1E91,3
5,A1HF64TV3AAOK6,3
6,APY5858P6BTDY,3
7,A3SKEW89V5S0DI,3
8,A25D8MUZP7CQEY,3
0,A1LOUZD99NZCT2,4
1,A2WWYVKGZZXBOB,4
2,A2VQ1WGHLLLNJ1,4
3,A23KAJRDVCVGOE,4
4,A149ROBL26JWPJ,4
5,AVJUIF9QHQRY8,4
6,A3U74S280Z4B0,4
7,A1P0XSCJ9XAV74,4
8,A3QAHF4UUBM7ZO,4
0,A1A3TGZ7DKJWRW,5
1,A2W3KKNN3CAY66,5
2,A3QUGJF2AN8TF2,5
3,ATHS9CW2FLYUY,5
4,A160ZTD45HEUM5,5
5,AGDJB8B8CDZ71,5
6,A2Z7SWO6HS5OOI,5
7,A36O6HV8LCXLJR,5
8,A3CYV47MM7OA6M,5
0,A3QDW36ZBK7CA8,6
1,A3FE4NL20RYW22,6
2,A33FA1VLSTBM74,6
3,A24DSECWUBZC0Z,6
4,AMNRYECHXZY34,6
5,A3JP7DIFRS0ZBY,6
6,A2V9WQ4ZG1NUNP,6
7,A3I1W58P6SIV26,6
8,A1U37XNO6J1R9G,6
0,A11YS0T8MV3Q7C,7
1,A3TJ62NECUFWBG,7
2,AWSXWPJJPYFMN,7
3,A3L2UB07EZJAMD,7
4,A17PAE30BGBO1T,7
5,A2SRC38HIJ2X19,7
6,AT5NKCNE7LOAZ,7
7,AK8ONB60Q4RJ5,7
8,A3KS73J4FNRSJ2,7
0,A2SLEMDA17XTZ1,8
1,A3OZSYUHMCKTPW,8
2,A1KH1O9AZ7S642,8
3,A2VR9O234UCT9T,8
4,A13D9HK2KWKR9M,8
5,A4E1UYPDHE8D8,8
6,A22ON3MIIG0IJA,8
7,A3LECJA9RVQQKZ,8
8,A1A2XH9JVSN8Z0,8
0,A3C4WCDI4S0R7O,9
1,A2MFG2IU76YEH0,9
2,A2G7N0X0PNX0EE,9
3,A21T7YH1PNOXF6,9
4,A2XVL0RNQMWI17,9
5,A3NMQ3019X6YE0,9
6,AK3H5QRAROFGP,9
7,AK1Y09TWU3IQ6,9
8,A26SF9CTNKKBYB,9
0,AVZOC3OGBQRX2,10
1,AP1G770YBECF8,10
2,ABX5OQLR6UNBC,10
3,A34SUZWGLXIWM8,10
4,AUG2YR37BY9BK,10
5,AIJUY02ENAH9U,10
6,A77K8W55MJEKX,10
7,A3P5WIW36V70AI,10
8,AMG9Y1YLBTKIV,10
0,A3TF2FDYJLSEMS,11
1,A22WWSTT8TU7G1,11
2,A3ITZNJQUTIZ4C,11
3,A207T1T5FX6H7D,11
4,A1ZTSCPETU3UJW,11
5,A3NK3VPYRHZBW8,11
6,APO6KZZ79PO9Q,11
7,A3QS96739O5M6F,11
8,A1NVJB5O4H7ZCJ,11
0,A30MP4LXV4MIFD,12
1,ACEXDRLUCPDE2,12
2,A3F8AXBIIGIR3A,12
3,A38XRCVYVF4A31,12
4,A36W7RZROOARHJ,12
5,A2RTJ6BDY0DZVZ,12
6,A2H2LO1OOF8R5N,12
7,A14SEFVPXYZ9TN,12
8,AAIX34EBHHA8D,12
0,A399GYOD60WD7M,13
1,A1M682B2WUSYJP,13
2,AVOF14300525D,13
3,A1TJ027T2PLFCU,13
4,A13BZCNJ0WR1T7,13
5,A3VBAQB2WO36Q1,13
6,A3T7N805PVNEXN,13
7,A8TIL9U6YHG5,13
8,A1MNJ1VJEZE8NY,13
0,A1OBB3PWYWK9KK,14
1,A1KRO0JWU6LT0I,14
2,AAMJBLQ8NUOTO,14
3,A1C3BA8YM85B4Q,14
4,AZLDM1AFYKMX0,14
5,A12H0UMF83VDNG,14
6,A3LT7W355XOAKF,14
7,A2C2AWPUMKZPJ4,14
8,A2LV5432PV1S39,14
